3812934	The bird is in the sky.	3840164	Bineshiinh ishpiming.
373320	How are you?	10720673	Aaniish naa ezhiyaayin?
373330	Hello!	10720674	Aniin!
373330	Hello!	10720675	Bozhoo!
257272	I'm fine.	10720676	Nminoyaa gwa.
10671252	I'm not fine.	10720677	Kaawiin gwa nminoyaasii.
408293	What's your name?	10720678	Wegnesh ezhinkaazyin?
1646	My name is Jack.	10720679	Jack ndizhinikaaz.
370703	Where are you from?	10720703	Aanii piish enjebayin?
2258234	Good morning.	10720717	Mino gigizheb
499689	Good afternoon.	10720718	Mino giizhigad.
333156	Good evening.	10720719	Mino dibikad
2548761	I'll see you again.	10720720	Giga-waabamin menawaa.
360558	See you later!	10720725	Giga-waabamin naagaj.
516745	Goodbye!	10720726	Baamaapii.
20335	Take it easy!	10720727	Wiingezin!
1830543	Let's eat.	10720728	Miijidaa!
477086	Yes.	10720731	Enh.
477061	No.	10720734	Kaa.
477061	No.	10720735	Gawiin.
5852586	Please say that again.	10720737	Ikidon miinawaa.
10720743	Do you speak Ojibwe?	10720744	Gdi-anishnaabem-na?
10720745	Yes, I speak a little Ojibwe.	10720746	Enh, ndi anishnabem bangii eta go.
925040	How much is this?	10720747	Aaniin minik?
393357	Please.	10720748	Daga.
1876041	Thank you.	10720749	Miigwech.
1876041	Thank you.	10720750	Chi-miigwech.
1434	I love you.	10720753	Gi zah gin.
242881	It's hot today.	10720757	Gizhaatemgat nangwaa.
242809	It's cold today.	10720762	Ksinaamgat nangwaa.
1839531	I'm hungry.	10720766	Ninoondezgade.
434242	Are you hungry?	10720770	Ginoondezgade na?
8391501	He's hungry.	10720773	Noondezgade.
8391503	She's hungry.	10720773	Noondezgade.
416367	Where are you going?	10720780	Aaniindi ezhaayin?
434458	Come with me.	10720787	Ambe daga wiijiiwishin.
356200	Who are you?	12607672	Awenen giin?
1813	It's cold.	12607673	Gisinaa.
1894591	It's cold out.	12607673	Gisinaa.
12607675	We respect our elders.	12607674	Nimanaaji aanaanig chiayaa aag.
2187250	Listen closely.	12607676	Weweni bizindan.
2107663	Watch closely.	12607677	Weweni ganawaabin.
3185801	Pay attention.	12607677	Weweni ganawaabin.
2107662	Watch carefully.	12607677	Weweni ganawaabin.
1173265	My name is Tom.	12607684	Niin Tom nindizhinikaaz.
39944	Come here.	12607693	Ondaas.
1173265	My name is Tom.	12607696	Tom nidishinikas.
1674433	I'm good!	12607698	Nimo'aya!
408293	What's your name?	12607703	Aniin eshinikasoyan?
435080	Hello, what's your name?	12607704	Pooshoo. Aniin eshinikasoyan?
2111930	Come inside.	12607706	Biindigen.
10720867	Come inside!	12607707	Biindigen!
13332043	I sing when I cook.	13332036	Ninagam jiibaakweyaan.
13332127	I talk when I eat.	13332126	Nigaagiigid wiisiniyaan.
13332561	I eat when I eat.	13332559	Niwiisin wiisiniyaan.
13333236	I see two deer.	13333211	Niwaabamaag niizh waawaashkeshiwag.
13333238	Do you see that cat?	13333237	Giwaabamaa na a'aw gaazhagens.
13333265	Those wolves can see me.	13333260	Niwaabamigoog igiweg ma'iinganag.
13333435	I know those Englishmen.	13333426	Nigikenimaag igiweg Zhaaganaashag.
13333440	Do you know these Frenchmen?	13333439	Gigikenimaag ina ogoweg Wemitigoozhiwag.
13333456	Look! A buffalo.	13333454	Nashke! Mashkode-bizhiki.
10248826	Milk is white.	13334239	Waabishkaagamin doodooshaaboo.
13334241	Wine is red.	13334237	Miskwaagamin mazhoominaaboo.
13334245	Coffee is black.	13334234	Makadewaagamin makade-mashkikiwaaboo.
13334297	I come from the Leech Lake Reservation.	13334296	Gaa-zagaskwaajimekaag indoonjibaa.
13334299	I live on the Red Lake Reservation.	13334293	Miskwaagamiiwi-zaaga'iganing indaa.
7547056	It's snowing hard.	13334320	Gichi-zoogipon.
1289095	Is it raining?	13334319	Gimiwan ina.
442070	What's the weather like?	13334333	Aaniin ezhiwebak agwajiing?
1886702	What's his name?	13334345	Aaniin ezhinikaazod?
13334349	What time are you going to go to the car repair shop?	13334348	Aaniin apii waa-izhaayan odaabaanikewigamigong?
5504571	Who's sick?	13334351	Awenen ayaakozid?
17150	Where do you come from?	13334352	Aaniindi wenjibaayan?
2270555	Who's that boy?	13334353	Awenen a'aw gwiiwizens?
13334360	What am I doing?!	13334358	Aaniin ezhichigeyaan?!
13334456	I go to that store every day.	13334450	Endaso-giizhig i'iw adaawewigamigong indizhaa.
13334536	I went hunting last night.	13334533	Ingii-kiiwose dibikong.
313808	She went to the hospital yesterday.	13334538	Aakoziiwigamigong gii-izhaa bijiinaago.
1830543	Let's eat.	13334586	Wiisinidaa.
13334595	Let's go to the casino tomorrow.	13334593	Ataagewigamigong izhaadaa waabang.
1388949	I drink alcohol.	13334658	Niminikwen ishkodewaaboo.
7067947	I drink tea.	13334763	Niminikwen aniibiishaaboo.
13334899	I speak Ojibwe.	13334897	Indoojibwem.
13334906	I don't speak Ojibwe.	13334905	Gaawiin indoojibwemosii.
13334968	I am Ojibwe.	13334962	Indoojibwew.
13334981	I'm not Ojibwe. I'm Lakota.	13334975	Gaawiin indoojibwewisii. Nibwaaniw.
13335001	He's not Iroquois. He's Ojibwe.	13334996	Gaawiin naadowewisii. Ojibwewi.
13337666	Be still when you hunt.	13332094	Bizaani-ayaan giiwoseyan.
13337667	Be silent when you hunt.	13332094	Bizaani-ayaan giiwoseyan.
256533	I like singing.	13359467	Niminwendaan nagamoyaan.
8818560	I don't like singing.	13359469	Gaawiin niminwendanziin nagamoyaan.
268896	I like sleeping.	13359472	Niminwendaan nibaayaan.
13359474	I don't like sleeping.	13359473	Gaawiin niminwendanziin nibaayaan.
2738418	I like cooking.	13359476	Niminwendaan jiibaakweyaan.
2738422	I don't like cooking.	13359477	Gaawiin niminwendanziin jiibaakweyaan.
3452116	I like eating.	13359478	Niminwendaan wiisiniyaan.
13359481	I don't like eating.	13359479	Gaawiin niminwendanziin wiisiniyaan.
1276130	I like reading.	13359483	Niminwendaan agindaasoyaan.
8818681	I don't like reading.	13359485	Gaawiin niminwendanziin agindaasoyaan.
13359489	I like speaking Ojibwe.	13359488	Niminwendaan ojibwemoyaan.
13359492	I don't like speaking Ojibwe.	13359490	Gaawiin niminwendanziin ojibwemoyaan.
13359495	I like that car.	13359494	Niminwendaan i'iw odaabaan.
13359498	I don't like that car.	13359497	Gaawiin niminwendanziin i'iw odaabaan.
12740140	I like that house.	13359503	Niminwendaan i'iw waakaa'igan.
13359509	I don't like that house.	13359506	Gaawiin niminwendanziin i'iw waakaa'igan.
13359512	I like that lake.	13359511	Niminawendaan i'iw zaaga'igan.
13359522	I don't like that lake.	13359514	Gaawiin niminwendanziin i'iw zaaga'igan.
13359526	Do you like speaking Dakota?	13359525	Giminwendaan ina bwaanimoyan.
23929	Do you like singing?	13359529	Giminwendaan ina nagamoyan.
6862514	Do you like my car?	13359530	Giminwendaan ina indoodaabaan.
386730	He likes hunting.	13359550	Ominwendaan giiwosed.
13359554	He doesn't like hunting.	13359551	Gaawiin ominwendanziin giiwosed.
13359557	Does he like Canada?	13359556	Ominwendaan ina zhaaganaashiiwaki.
13359569	She likes gambling.	13359560	Ominwendaan ataaged.
13359577	She doesn't like gambling.	13359573	Ominwendanziin ataaged.
13359582	Does she like the United States?	13359580	Ominwendaan ina gichi-mookomaan-aki.
