ÔĽŅ1860	I don't want to go to school.	3084079	 ĽA Ľole au makemake e hele i ke kula.
56528	This egg is fresh.	3084112	Maka kńďia hua.
59419	This dog is big.	3083770	Nui kńďia  Ľńęlio.
259326	I want to go to college.	3084146	Makemake au e hele i ke kulanui.
280122	I'm confused.	3084127	Huikau au.
378543	I want to go to Kyoto.	3084149	Makemake au e hele i Kioko.
397588	I'm an engineer.	3154615	He wilikńę au.
441382	This dog is white.	3083772	Ke Ľoke Ľo kńďia  Ľńęlio.
498452	I want to go to Australia with my family.	3084167	Makemake au e hele i  ĽAukekulelia me ko Ľu  Ľohana.
567368	I'm a student.	3083785	He haumńĀna au.
1369181	I'm not hungry.	3155219	 ĽA Ľole au pŇćloli.
1866935	The bread is not fresh.	3083405	 ĽA Ľole maka ka palaoa.
2068388	I am a cat.	3083426	He pŇćpoki au.
2145963	I am a married man.	3083415	He kńĀne mea wahine au.
2247573	I will go.	3154909	E hele au.
2248180	I'm not smart.	3085027	 ĽA Ľole au akamai.
2297306	I am a human being.	3083416	He kanaka au.
2332108	I'm not a teacher.	3084115	 ĽA Ľole au he kumu.
2363944	I am a girl.	3083413	He kaikamahine au.
2412739	I have two cats.	3081441	 ĽElua a Ľu pŇćpoki.
2412748	The bread is fresh.	3083402	Maka ka palaoa.
2504046	The girl is beautiful.	3154481	Nani ke kaikamahine.
2548628	This corn is fresh.	3084113	Maka kńďia kŇęlina.
1194034	I'm not a doctor.	3084120	 ĽA Ľole au he kauka.
2712260	This house will exist.	3399053	E kŇę kńďia hale.
740214	I am a woman.	3083409	He wahine au.
2912832	This cat is very fat.	3083777	Momona loa kńďia pŇćpoki.
2657766	I will come.	3154780	E hele mai au.
3083787	This is a green apple.	3083789	He  ĽńĀpala  ĽŇćma Ľoma Ľo kńďia.
3083797	This is a school.	3083798	He kula kńďia.
3083897	She's a student.	3084063	He haumńĀna  Ľo ia.
3083996	You're eating.	3084055	Ke  Ľai nei  Ľoe.
3084066	This is an apple.	3084069	He  ĽńĀpala kńďia.
3084103	This is a pear.	3084104	He pea kńďia.
3084753	This book is green.	3084754	 ĽŇĆma Ľoma Ľo kńďia puke.
3084757	The apple is not green.	3084758	 ĽA Ľole  ĽŇćma Ľoma Ľo ka  ĽńĀpala.
3084760	This apple is not red.	3084761	 ĽA Ľole  Ľula kńďia  ĽńĀpala.
3084762	This is an orange.	3084763	He  Ľalani kńďia.
3085024	I want to learn Hawaiian.	3085026	Makemake au e a Ľo i ka  ĽŇćlelo Hawai Ľi.
3085030	The pencil is small.	3085031	Li Ľili Ľi ka penikala.
3085035	The bus is long.	3085036	Loloa ke ka Ľa  ĽŇćhua.
3085593	I'm going to a store.	3085799	Ke hele nei au ma he hale kŇę Ľai.
3085595	You'll see the students.	3085794	E  Ľike  Ľoe nńĀ¬†haumńĀna.
3085602	She's looking for a hotel.	3085789	 ĽImi  Ľo ia he hŇćkele.
3085786	I live in Honolulu.	3085787	Noho au ma Honolulu.
3100436	The man is young.	3156048	 ĽŇĆpio ke kńĀne.
3100447	The man is strong.	3156051	Ikaika ke kńĀne.
3143476	The horse is not white.	3154598	 ĽA Ľole ke Ľoke Ľo ka lio.
3143502	They're doctors.	3156041	Kauka lńĀua.
3143502	They're doctors.	3156044	Kauka lńĀkou.
3143546	She's a good woman.	3156027	He wahine maika Ľi  Ľo ia.
70957	Your father is tall.	3156029	Loa kou makua kńĀne.
3144650	Their car is not good.	3156037	 ĽA Ľole maika Ľi kŇć lńĀua ka Ľa.
3144667	She is a good student.	3154491	He haumńĀna maika Ľi  Ľo ia.
3153410	Is it a bird?	3154601	He manu  Ľo ia?
3153413	Is it a chair?	3154605	He noho  Ľo ia?
3153415	It is a bird.	3154590	He manu  Ľo ia.
3153417	It is a chair.	3154586	He noho  Ľo ia.
3154473	You're not a man.	3154477	 ĽA Ľole  Ľoe he kńĀne.
3154474	You're not a woman.	3154476	 ĽA Ľole  Ľoe he wahine.
3154616	You're an engineer.	3154617	He wilikńę¬† Ľoe.
3154625	I'm the teacher.	3154626	 ĽO au ke kumu.
3154910	I went to the bank.	3154911	I hele au ma ka panakŇć.
3155009	The boy is hoeing.	3155249	Ke kńĀlai nei ke keiki.
3155020	The girls work.	3155244	Hana nńĀ¬†kaikamahine.
3155268	Pua sings.	3155270	Hńęmeni  Ľo Pua.
3155271	Pua sang.	3155272	Ua hńęmeni  Ľo Pua.
3155273	Pua is singing.	3155275	Ke hńęmeni nei  Ľo Pua.
3155276	Pua is going to sing.	3155277	E hńęmeni ana  Ľo Pua.
3155278	Pua sings at church.	3155279	Hńęmeni  Ľo Pua i ka halepule.
3155280	Pua sang at church.	3155282	Ua hńęmeni  Ľo Pua i ka halepule.
3155283	Pua is singing at church.	3155284	Ke hńęmeni nei  Ľo Pua i ka halepule.
3155286	Pua is going to sing at church.	3155287	E hńęmeni ana  Ľo Pua i ka halepule.
3399048	People are weird.	3399049	Ano nńĀ kanaka.
3578020	This is a newspaper.	3578024	He nŇępepa kńďia.
249765	I have two brothers.	3803454	 ĽElua o Ľu kaikunńĀne.
259771	I have two books.	3803462	 ĽElua a Ľu puke.
321849	I have two cars.	3803463	 ĽElua o Ľu ka Ľa.
1431363	I have two children.	3803467	 ĽElua a Ľu keiki.
295346	He is a teacher.	3803470	He kumu  Ľo ia.
329713	Good morning!	4913103	Aloha kakahiaka!
333156	Good evening.	4913107	Aloha ahiahi.
373320	How are you?	4913111	Pehea  Ľoe?
428402	What time is it?	4913113	Hola Ľehia kńďia?
3341588	I'm Ricardo.	6824275	 ĽO wau Ľo Ricardo.
373330	Hello!	7262571	Aloha!
7262574	Hello Ka Ľiulani.	7262573	Aloha e Ka Ľiulani.
2057650	Thanks.	7262576	Mahalo.
1148358	Yes!	7262579	 ĽAe!
4606529	No!	7262583	 ĽA Ľole!
7265271	Go, Ka Ľiulani.	7265269	E hele, e Ka Ľiulani.
7265273	Speak, Kawika.	7265272	E  ĽŇćlelo, e Kawika.
374827	Thank you!	7263710	Mahalo!
448645	Thanks!	7263710	Mahalo!
5828685	I'll come.	3154780	E hele mai au.
8398983	I didn't take Tom's book.	9472169	 ĽA Ľole au i lawe i ka puke a Koma.
413771	This is my mother.	9472800	 ĽO ko Ľu makuahine kńďia.
668099	This is my father.	9472801	 ĽO ko Ľu makuakńĀne kńďia.
2549621	This is my job.	9472802	 ĽO ka Ľu hana kńďia.
1122514	I'm a woman.	3083409	He wahine au.
10161005	The little flower is blue.	4856425	PolŇę ka pua li Ľili Ľi.
10161006	The little flower is purple.	4856427	Poni ka pua li Ľili Ľi.
10161007	The little flower is black.	4856431	 ĽEle Ľele ka pua li Ľili Ľi.
10161015	The little flower is red.	4855869	 ĽUla Ľula ka pua li Ľili Ľi.
10162287	The little flower is gray.	4856435	Hinahina ka pua li Ľili Ľi.
10162290	The little flower is green.	4856433	Ma Ľoma Ľo ka pua li Ľili Ľi.
2983752	The man is tall.	4860261	Loloa ke kanaka.
10194862	The man lives in Honolulu.	4848309	Ua noho ke kanaka i Honolulu.
10194863	The man lives on Kńęlauea.	4848311	Ua noho ke kanaka i Kńęlauea.
472431	I was wrong.	8875160	He hapa au.
10198335	Speak, David.	7265272	E  ĽŇćlelo, e Kawika.
1876041	Thank you.	7263710	Mahalo!
1849719	How're you doing?	4913111	Pehea  Ľoe?
1173265	My name is Tom.	10356272	 ĽO Koma ko Ľu inoa.
2649208	My name's Tom.	10356272	 ĽO Koma ko Ľu inoa.
1098122	My name is John.	10449512	 ĽO Keoni ko Ľu inoa.
1588560	My name's John.	10449512	 ĽO Keoni ko Ľu inoa.
7821811	John is my name.	10449512	 ĽO Keoni ko Ľu inoa.
10565508	The big flower is yellow.	4858579	Melemele ka pua nui.
10773348	Many women have the fantasy of living in poverty.	10773369	Nui nńĀ wńĀhine i ka mana Ľo o ka noho  Ľilihune.
1876041	Thank you.	7262576	Mahalo.
